{
  "model/models-dbg.js": 1688933270030,
  "controller/App.controller.js": 1688933270022,
  "utils/locate-reuse-libs.js": 1688933270030,
  "model/models.js": 1688933270030,
  "controller/Home.controller.js": 1688933270022,
  "manifest.json": 1688934902310,
  "Component.js": 1688933270022,
  "Component-preload.js": 1688934902501,
  "controller/Home-dbg.controller.js": 1688933270022,
  "i18n/i18n.properties": 1688933270022,
  "utils/locate-reuse-libs-dbg.js": 1688933270030,
  "controller/App-dbg.controller.js": 1688933270022,
  "Component-dbg.js": 1688933270022,
  "view/Home.view.xml": 1688933270034,
  "view/App.view.xml": 1688933270030,
  "css/style.css": 1688933270022,
  "index.html": 1688933270022
}