{
  "controller/NotFound-dbg.controller.js": 1688933269914,
  "controller/Worklist.controller.js": 1688933269914,
  "model/models.js": 1688933269926,
  "model/formatter.js": 1688933269922,
  "manifest.json": 1688934905866,
  "controller/Object.controller.js": 1688933269914,
  "controller/NotFound.controller.js": 1688933269914,
  "controller/ErrorHandler.js": 1688933269914,
  "controller/BaseController.js": 1688933269914,
  "controller/App.controller.js": 1688933269910,
  "Component.js": 1688933269910,
  "Component-preload.js": 1688934906085,
  "controller/App-dbg.controller.js": 1688933269910,
  "model/formatter-dbg.js": 1688933269922,
  "controller/Worklist-dbg.controller.js": 1688933269914,
  "controller/Object-dbg.controller.js": 1688933269914,
  "i18n/i18n.properties": 1688933269914,
  "controller/ErrorHandler-dbg.js": 1688933269914,
  "controller/BaseController-dbg.js": 1688933269914,
  "model/models-dbg.js": 1688933269926,
  "Component-dbg.js": 1688933269910,
  "view/Worklist.view.xml": 1688933269930,
  "view/ObjectNotFound.view.xml": 1688933269930,
  "view/Object.view.xml": 1688933269930,
  "view/NotFound.view.xml": 1688933269930,
  "view/App.view.xml": 1688933269930,
  "index.html": 1688933269914
}